From,From IATA code,From ICAO code,Destination,Destination IATA code,Destination ICAO code,Distance(km),Airlines,Price(rupee),Departure time,Arrival Time
New Delhi,DEL,VIDP,Srinagar,SXR,VISR,689.32,Air India,3900,6:00:00,7:37:00
New Delhi,DEL,VIDP,Srinagar,SXR,VISR,611.19,IndiGo,3200,7:30:00,9:07:00
New Delhi,DEL,VIDP,Srinagar,SXR,VISR,747.7,Vistara,4200,9:00:00,10:37:00
New Delhi,DEL,VIDP,Srinagar,SXR,VISR,754.48,Go Air,3500,10:15:00,11:52:00
New Delhi,DEL,VIDP,Jammu,IXJ,VIJU,604.83,Air India,2700,6:15:00,7:40:00
New Delhi,DEL,VIDP,Jammu,IXJ,VIJU,548.86,IndiGo,2400,7:45:00,9:10:00
New Delhi,DEL,VIDP,Jammu,IXJ,VIJU,573.61,Vistara,3000,9:15:00,10:40:00
New Delhi,DEL,VIDP,Jammu,IXJ,VIJU,608.12,Go Air,2600,10:45:00,12:10:00
New Delhi,DEL,VIDP,Shimla,SLV,VISM,257.71,Air India,1900,6:30:00,7:42:00
New Delhi,DEL,VIDP,Shimla,SLV,VISM,272.43,IndiGo,1600,7:45:00,8:57:00
New Delhi,DEL,VIDP,Shimla,SLV,VISM,302.96,Vistara,2100,9:00:00,10:12:00
New Delhi,DEL,VIDP,Shimla,SLV,VISM,252.24,Go Air,1500,10:15:00,11:27:00
New Delhi,DEL,VIDP,Chandigarh,IXC,VICG,295.58,Air India,1700,6:45:00,8:00:00
New Delhi,DEL,VIDP,Chandigarh,IXC,VICG,239.37,IndiGo,1500,7:50:00,9:05:00
New Delhi,DEL,VIDP,Chandigarh,IXC,VICG,237.42,Vistara,1900,9:10:00,10:25:00
New Delhi,DEL,VIDP,Chandigarh,IXC,VICG,289.26,Go Air,1400,10:30:00,11:45:00
New Delhi,DEL,VIDP,Dehradun,DED,VIDN,257.1,Air India,1500,6:30:00,7:41:00
New Delhi,DEL,VIDP,Dehradun,DED,VIDN,220.19,IndiGo,1200,7:45:00,8:56:00
New Delhi,DEL,VIDP,Dehradun,DED,VIDN,207.1,Vistara,1700,9:00:00,10:11:00
New Delhi,DEL,VIDP,Dehradun,DED,VIDN,235.21,Go Air,1100,10:15:00,11:26:00
New Delhi,DEL,VIDP,Lucknow,LKO,VILK,383.71,Air India,2500,6:45:00,8:08:00
New Delhi,DEL,VIDP,Lucknow,LKO,VILK,499.62,IndiGo,2100,7:45:00,9:08:00
New Delhi,DEL,VIDP,Lucknow,LKO,VILK,437.1,Vistara,2650,9:00:00,10:23:00
New Delhi,DEL,VIDP,Lucknow,LKO,VILK,377.89,Go Air,2180,10:15:00,11:38:00
New Delhi,DEL,VIDP,Patna,PAT,VEPT,829.36,Air India,5170,6:00:00,8:08:00
New Delhi,DEL,VIDP,Patna,PAT,VEPT,970.89,IndiGo,4300,7:30:00,9:38:00
New Delhi,DEL,VIDP,Patna,PAT,VEPT,983.01,Vistara,5440,9:00:00,11:08:00
New Delhi,DEL,VIDP,Patna,PAT,VEPT,1010.75,Go Air,4500,10:15:00,12:23:00
New Delhi,DEL,VIDP,Ranchi,IXR,VERC,931.32,Air India,5840,6:30:00,8:53:00
New Delhi,DEL,VIDP,Ranchi,IXR,VERC,1092.53,IndiGo,4870,7:45:00,10:08:00
New Delhi,DEL,VIDP,Ranchi,IXR,VERC,1296.09,Vistara,6160,9:00:00,11:23:00
New Delhi,DEL,VIDP,Ranchi,IXR,VERC,1122.36,Go Air,5110,10:15:00,12:38:00
New Delhi,DEL,VIDP,Kolkata,CCU,VECC,1260.91,Air India,7470,6:00:00,9:15:00
New Delhi,DEL,VIDP,Kolkata,CCU,VECC,1607.2,IndiGo,6195,7:30:00,10:45:00
New Delhi,DEL,VIDP,Kolkata,CCU,VECC,1234.6,Vistara,7375,9:00:00,12:15:00
New Delhi,DEL,VIDP,Kolkata,CCU,VECC,1278.15,Go Air,6039,10:15:00,13:30:00
New Delhi,DEL,VIDP,Bhubaneswar,BBI,VEBS,1570.01,Air India,7280,6:15:00,9:00:00
New Delhi,DEL,VIDP,Bhubaneswar,BBI,VEBS,1457.16,IndiGo,6041,7:45:00,10:30:00
New Delhi,DEL,VIDP,Bhubaneswar,BBI,VEBS,1299.13,Vistara,7637,9:00:00,11:45:00
New Delhi,DEL,VIDP,Bhubaneswar,BBI,VEBS,1526.37,Go Air,6329,10:15:00,13:00:00
New Delhi,DEL,VIDP,Guwahati,GAU,VEGT,1880.61,Air India,8388,6:30:00,10:45:00
New Delhi,DEL,VIDP,Guwahati,GAU,VEGT,1334.62,IndiGo,6961,7:45:00,12:00:00
New Delhi,DEL,VIDP,Guwahati,GAU,VEGT,1517.77,Vistara,8738,9:00:00,13:15:00
New Delhi,DEL,VIDP,Guwahati,GAU,VEGT,1839.1,Go Air,7195,10:15:00,14:30:00
New Delhi,DEL,VIDP,Itanagar,TEI,VETZ,1972.85,Air India,9120,6:00:00,10:02:00
New Delhi,DEL,VIDP,Itanagar,TEI,VETZ,1887.88,IndiGo,7570,7:30:00,11:32:00
New Delhi,DEL,VIDP,Itanagar,TEI,VETZ,2001.53,Vistara,9340,9:00:00,13:02:00
New Delhi,DEL,VIDP,Itanagar,TEI,VETZ,1836.14,Go Air,7680,10:15:00,14:17:00
New Delhi,DEL,VIDP,Agartala,IXA,VEAT,2037.98,Air India,9335,6:30:00,10:47:00
New Delhi,DEL,VIDP,Agartala,IXA,VEAT,1526.42,IndiGo,7750,7:45:00,12:02:00
New Delhi,DEL,VIDP,Agartala,IXA,VEAT,1735.08,Vistara,9560,9:00:00,13:17:00
New Delhi,DEL,VIDP,Agartala,IXA,VEAT,1771.44,Go Air,7970,10:15:00,14:32:00
New Delhi,DEL,VIDP,Imphal,IMF,VEIM,2192.07,Air India,9600,6:00:00,10:15:00
New Delhi,DEL,VIDP,Imphal,IMF,VEIM,2082.33,IndiGo,7950,7:30:00,11:45:00
New Delhi,DEL,VIDP,Imphal,IMF,VEIM,1842.83,Vistara,9950,9:00:00,13:15:00
New Delhi,DEL,VIDP,Imphal,IMF,VEIM,2009.77,Go Air,8200,10:15:00,14:30:00
New Delhi,DEL,VIDP,Bhopal,BHO,VABP,754.95,Air India,3610,6:00:00,7:28:00
New Delhi,DEL,VIDP,Bhopal,BHO,VABP,581.89,IndiGo,3010,7:30:00,8:58:00
New Delhi,DEL,VIDP,Bhopal,BHO,VABP,726.76,Vistara,3820,9:00:00,10:28:00
New Delhi,DEL,VIDP,Bhopal,BHO,VABP,754.69,Go Air,3160,10:15:00,11:43:00
New Delhi,DEL,VIDP,Raipur,RPR,VARP,1161.8,Air India,4900,6:15:00,8:30:00
New Delhi,DEL,VIDP,Raipur,RPR,VARP,1097.48,IndiGo,4080,7:45:00,10:00:00
New Delhi,DEL,VIDP,Raipur,RPR,VARP,1040.91,Vistara,5170,9:00:00,11:15:00
New Delhi,DEL,VIDP,Raipur,RPR,VARP,881.5,Go Air,4290,10:15:00,12:30:00
New Delhi,DEL,VIDP,Bengaluru,BLR,VOBL,1950.53,Air India,9980,6:00:00,10:21:00
New Delhi,DEL,VIDP,Bengaluru,BLR,VOBL,2057.54,IndiGo,8315,7:30:00,11:51:00
New Delhi,DEL,VIDP,Bengaluru,BLR,VOBL,1681.02,Vistara,10530,9:00:00,13:21:00
New Delhi,DEL,VIDP,Bengaluru,BLR,VOBL,1899.54,Go Air,8730,10:15:00,14:36:00
New Delhi,DEL,VIDP,Hyderabad,HYD,VOHS,1336.4,Air India,7190,6:30:00,9:15:00
New Delhi,DEL,VIDP,Hyderabad,HYD,VOHS,1591.95,IndiGo,5980,7:45:00,10:30:00
New Delhi,DEL,VIDP,Hyderabad,HYD,VOHS,1336.94,Vistara,7570,9:00:00,11:45:00
New Delhi,DEL,VIDP,Hyderabad,HYD,VOHS,1623.66,Go Air,6280,10:15:00,12:45:00
New Delhi,DEL,VIDP,Amaravati,VGA,VOVZ,1487.13,Air India,7660,6:15:00,9:15:00
New Delhi,DEL,VIDP,Amaravati,VGA,VOVZ,1405.54,IndiGo,6390,7:45:00,10:45:00
New Delhi,DEL,VIDP,Amaravati,VGA,VOVZ,1620.13,Vistara,8080,9:00:00,12:00:00
New Delhi,DEL,VIDP,Amaravati,VGA,VOVZ,1282.89,Go Air,6680,10:15:00,13:15:00
New Delhi,DEL,VIDP,Chennai,MAA,VOMM,1995.66,Air India,10060,6:00:00,10:24:00
New Delhi,DEL,VIDP,Chennai,MAA,VOMM,2097.68,IndiGo,8380,7:30:00,11:54:00
New Delhi,DEL,VIDP,Chennai,MAA,VOMM,2275.14,Vistara,10630,9:00:00,13:24:00
New Delhi,DEL,VIDP,Chennai,MAA,VOMM,2133.47,Go Air,8820,10:15:00,14:39:00
New Delhi,DEL,VIDP,Thiruvananthapuram,TRV,VOTV,2092.82,Air India,11960,6:00:00,11:21:00
New Delhi,DEL,VIDP,Thiruvananthapuram,TRV,VOTV,2096.41,IndiGo,9950,7:30:00,12:51:00
New Delhi,DEL,VIDP,Thiruvananthapuram,TRV,VOTV,2380.86,Vistara,12620,9:00:00,14:21:00
New Delhi,DEL,VIDP,Thiruvananthapuram,TRV,VOTV,2523.03,Go Air,10465,10:15:00,15:36:00
New Delhi,DEL,VIDP,Panaji,GOI,VOGO,1863.4,Air India,8625,6:15:00,10:45:00
New Delhi,DEL,VIDP,Panaji,GOI,VOGO,1470.59,IndiGo,7163,7:45:00,12:15:00
New Delhi,DEL,VIDP,Panaji,GOI,VOGO,1605.11,Vistara,9003,9:00:00,13:30:00
New Delhi,DEL,VIDP,Panaji,GOI,VOGO,1686.2,Go Air,7478,10:15:00,14:45:00
New Delhi,DEL,VIDP,Mumbai,BOM,VABB,1083.57,Air India,6551,6:30:00,9:45:00
New Delhi,DEL,VIDP,Mumbai,BOM,VABB,1451.42,IndiGo,5436,7:45:00,11:00:00
New Delhi,DEL,VIDP,Mumbai,BOM,VABB,1179.76,Vistara,6909,9:00:00,12:15:00
New Delhi,DEL,VIDP,Mumbai,BOM,VABB,1285.31,Go Air,5739,10:15:00,13:30:00
New Delhi,DEL,VIDP,Gandhinagar,AMD,VAAH,801.55,Air India,4417,6:00:00,7:53:00
New Delhi,DEL,VIDP,Gandhinagar,AMD,VAAH,869.01,IndiGo,3662,7:30:00,9:23:00
New Delhi,DEL,VIDP,Gandhinagar,AMD,VAAH,699.2,Vistara,4672,9:00:00,10:53:00
New Delhi,DEL,VIDP,Gandhinagar,AMD,VAAH,793.13,Go Air,3878,10:15:00,12:08:00
New Delhi,DEL,VIDP,Puducherry,PNY,VOPC,1687.76,Air India,9700,6:15:00,10:45:00
New Delhi,DEL,VIDP,Puducherry,PNY,VOPC,2307.23,IndiGo,7950,7:45:00,12:15:00
New Delhi,DEL,VIDP,Puducherry,PNY,VOPC,1983.8,Vistara,10250,9:00:00,13:30:00
New Delhi,DEL,VIDP,Puducherry,PNY,VOPC,2295.88,Go Air,8550,10:15:00,14:45:00
New Delhi,DEL,VIDP,Kavaratti,AGX,VOGS,1886.35,Air India,9950,6:00:00,10:35:00
New Delhi,DEL,VIDP,Kavaratti,AGX,VOGS,2120.96,IndiGo,8250,7:30:00,12:05:00
New Delhi,DEL,VIDP,Kavaratti,AGX,VOGS,2356.47,Vistara,10650,9:00:00,13:35:00
New Delhi,DEL,VIDP,Kavaratti,AGX,VOGS,2325.36,Go Air,8800,10:15:00,14:50:00
New Delhi,DEL,VIDP,Diu,DIU,VA1D,1087.65,Air India,5800,6:00:00,8:39:00
New Delhi,DEL,VIDP,Diu,DIU,VA1D,1327.89,IndiGo,4950,7:30:00,10:09:00
New Delhi,DEL,VIDP,Diu,DIU,VA1D,1101.51,Vistara,6300,9:00:00,11:39:00
New Delhi,DEL,VIDP,Diu,DIU,VA1D,1204.69,Go Air,5100,10:15:00,12:54:00
New Delhi,DEL,VIDP,Leh,IXL,VILH,773.25,Air India,3950,6:30:00,8:15:00
New Delhi,DEL,VIDP,Leh,IXL,VILH,748.94,IndiGo,3500,7:45:00,9:30:00
New Delhi,DEL,VIDP,Leh,IXL,VILH,672.49,Vistara,4200,9:00:00,10:45:00
New Delhi,DEL,VIDP,Leh,IXL,VILH,589.2,Go Air,3250,10:15:00,12:00:00
New Delhi,DEL,VIDP,Port Blair,IXZ,VOPB,1823.57,Air India,10500,6:00:00,11:00:00
New Delhi,DEL,VIDP,Port Blair,IXZ,VOPB,1852.22,IndiGo,8900,7:30:00,12:30:00
New Delhi,DEL,VIDP,Port Blair,IXZ,VOPB,1964.87,Vistara,11000,9:00:00,14:00:00
New Delhi,DEL,VIDP,Port Blair,IXZ,VOPB,2247.79,Go Air,9400,10:15:00,15:15:00
Amaravati,VGA,VOVZ,Kurnool,KRK,VOKU,399.56,Air India,1950,6:00:00,6:47:00
Amaravati,VGA,VOVZ,Kurnool,KRK,VOKU,358.81,IndiGo,1700,7:30:00,8:17:00
Amaravati,VGA,VOVZ,Kurnool,KRK,VOKU,351.53,Vistara,2050,9:00:00,9:47:00
Amaravati,VGA,VOVZ,Kurnool,KRK,VOKU,384.4,Go Air,1750,10:15:00,11:02:00
Amaravati,VGA,VOVZ,Tirupati,TIR,VOTP,540.38,Air India,2900,6:00:00,7:10:00
Amaravati,VGA,VOVZ,Tirupati,TIR,VOTP,571.55,IndiGo,2400,7:30:00,8:40:00
Amaravati,VGA,VOVZ,Tirupati,TIR,VOTP,460.14,Vistara,3050,9:00:00,10:10:00
Amaravati,VGA,VOVZ,Tirupati,TIR,VOTP,557.16,Go Air,2450,10:15:00,11:25:00
Amaravati,VGA,VOVZ,Vishakhapatnam,VTZ,VOVZ,490.53,Air India,2400,6:00:00,7:00:00
Amaravati,VGA,VOVZ,Vishakhapatnam,VTZ,VOVZ,450.8,IndiGo,2100,7:30:00,8:30:00
Amaravati,VGA,VOVZ,Vishakhapatnam,VTZ,VOVZ,427.9,Vistara,2650,9:00:00,10:00:00
Amaravati,VGA,VOVZ,Vishakhapatnam,VTZ,VOVZ,444.11,Go Air,2200,10:15:00,11:15:00
Itanagar,TEI,VETZ,Tezu,TEI,VETZ,220.73,Air India,1100,6:00:00,6:26:00
Itanagar,TEI,VETZ,Tezu,TEI,VETZ,215.09,IndiGo,950,7:30:00,7:56:00
Itanagar,TEI,VETZ,Tezu,TEI,VETZ,193.38,Vistara,1200,9:00:00,9:26:00
Itanagar,TEI,VETZ,Tezu,TEI,VETZ,166.85,Go Air,1050,10:15:00,10:41:00
Itanagar,TEI,VETZ,Daporijo,DPN,VEDP,286.19,Air India,1700,6:15:00,6:56:00
Itanagar,TEI,VETZ,Daporijo,DPN,VEDP,247.39,IndiGo,1450,7:45:00,8:26:00
Itanagar,TEI,VETZ,Daporijo,DPN,VEDP,322.94,Vistara,1900,9:00:00,9:41:00
Itanagar,TEI,VETZ,Daporijo,DPN,VEDP,298.51,Go Air,1600,10:15:00,10:56:00
Itanagar,TEI,VETZ,Pasighat,PSI,VEPG,139.96,Air India,1000,6:30:00,6:52:00
Itanagar,TEI,VETZ,Pasighat,PSI,VEPG,163.04,IndiGo,900,7:45:00,8:07:00
Itanagar,TEI,VETZ,Pasighat,PSI,VEPG,193.62,Vistara,1050,9:00:00,9:22:00
Itanagar,TEI,VETZ,Pasighat,PSI,VEPG,191.92,Go Air,950,10:15:00,10:37:00
Guwahati,GAU,VEGT,Jorhat,JRH,VEJT,336.9,Air India,1800,6:00:00,6:45:00
Guwahati,GAU,VEGT,Jorhat,JRH,VEJT,278.62,IndiGo,1550,7:30:00,8:15:00
Guwahati,GAU,VEGT,Jorhat,JRH,VEJT,333.09,Vistara,2000,9:00:00,9:45:00
Guwahati,GAU,VEGT,Jorhat,JRH,VEJT,373.87,Go Air,1650,10:15:00,11:00:00
Guwahati,GAU,VEGT,Dibrugarh,DIB,VEBR,466.04,Air India,2900,6:15:00,7:37:00
Guwahati,GAU,VEGT,Dibrugarh,DIB,VEBR,459.48,IndiGo,2450,7:45:00,9:07:00
Guwahati,GAU,VEGT,Dibrugarh,DIB,VEBR,591.08,Vistara,3100,9:00:00,10:22:00
Guwahati,GAU,VEGT,Dibrugarh,DIB,VEBR,560.2,Go Air,2550,10:15:00,11:37:00
Guwahati,GAU,VEGT,Silchar,IXS,VEBZ,290.05,Air India,1800,6:30:00,7:15:00
Guwahati,GAU,VEGT,Silchar,IXS,VEBZ,345.54,IndiGo,1550,7:45:00,8:30:00
Guwahati,GAU,VEGT,Silchar,IXS,VEBZ,336.2,Vistara,2000,9:00:00,9:45:00
Guwahati,GAU,VEGT,Silchar,IXS,VEBZ,292.83,Go Air,1650,10:15:00,11:00:00
Patna,PAT,VEPT,Darbhanga,DBR,VEDB,214.95,Air India,1100,6:00:00,6:27:00
Patna,PAT,VEPT,Darbhanga,DBR,VEDB,175.01,IndiGo,950,7:30:00,7:57:00
Patna,PAT,VEPT,Darbhanga,DBR,VEDB,216.12,Vistara,1200,9:00:00,9:27:00
Patna,PAT,VEPT,Darbhanga,DBR,VEDB,167.06,Go Air,1050,10:15:00,10:42:00
Patna,PAT,VEPT,Gaya,GAY,VEGY,129.99,Air India,700,6:15:00,6:31:00
Patna,PAT,VEPT,Gaya,GAY,VEGY,118.42,IndiGo,600,7:45:00,8:01:00
Patna,PAT,VEPT,Gaya,GAY,VEGY,101.98,Vistara,750,9:00:00,9:16:00
Patna,PAT,VEPT,Gaya,GAY,VEGY,104.74,Go Air,650,10:15:00,10:31:00
Patna,PAT,VEPT,Purnia,PUI,VEPU,369.32,Air India,1750,6:30:00,7:16:00
Patna,PAT,VEPT,Purnia,PUI,VEPU,368.46,IndiGo,1500,7:45:00,8:31:00
Patna,PAT,VEPT,Purnia,PUI,VEPU,271.58,Vistara,1900,9:00:00,9:46:00
Patna,PAT,VEPT,Purnia,PUI,VEPU,359.24,Go Air,1650,10:15:00,11:01:00
Raipur,RPR,VARP,Bilaspur,PAB,VEBU,148.51,Air India,750,6:00:00,6:19:00
Raipur,RPR,VARP,Bilaspur,PAB,VEBU,154.27,IndiGo,650,7:30:00,7:49:00
Raipur,RPR,VARP,Bilaspur,PAB,VEBU,141.02,Vistara,800,9:00:00,9:19:00
Raipur,RPR,VARP,Bilaspur,PAB,VEBU,134.99,Go Air,700,10:15:00,10:34:00
Raipur,RPR,VARP,Korba,KBV,VEKR,125.32,Air India,720,6:15:00,6:33:00
Raipur,RPR,VARP,Korba,KBV,VEKR,154.53,IndiGo,620,7:45:00,8:03:00
Raipur,RPR,VARP,Korba,KBV,VEKR,109.32,Vistara,770,9:00:00,9:18:00
Raipur,RPR,VARP,Korba,KBV,VEKR,150.67,Go Air,670,10:15:00,10:33:00
Raipur,RPR,VARP,Ambikapur,ABP,VEAB,281.74,Air India,1350,6:30:00,7:16:00
Raipur,RPR,VARP,Ambikapur,ABP,VEAB,216.35,IndiGo,1150,7:45:00,8:31:00
Raipur,RPR,VARP,Ambikapur,ABP,VEAB,207.47,Vistara,1400,9:00:00,9:46:00
Raipur,RPR,VARP,Ambikapur,ABP,VEAB,216.99,Go Air,1200,10:15:00,11:01:00
Panaji,GOI,VOGO,Dabolim,DAB,VODL,31.13,Air India,250,6:00:00,6:04:00
Panaji,GOI,VOGO,Dabolim,DAB,VODL,33.6,IndiGo,220,7:30:00,7:34:00
Panaji,GOI,VOGO,Dabolim,DAB,VODL,34.36,Vistara,270,9:00:00,9:04:00
Panaji,GOI,VOGO,Dabolim,DAB,VODL,27.92,Go Air,230,10:15:00,10:19:00
Panaji,GOI,VOGO,Mopa,MPO,VOMR,70.42,Air India,460,6:15:00,6:23:00
Panaji,GOI,VOGO,Mopa,MPO,VOMR,55.73,IndiGo,420,7:45:00,7:53:00
Panaji,GOI,VOGO,Mopa,MPO,VOMR,52.29,Vistara,490,9:00:00,9:08:00
Panaji,GOI,VOGO,Mopa,MPO,VOMR,56.92,Go Air,450,10:15:00,10:23:00
Ahmedabad,AMD,VAAH,Dholera,DHA,VODH,88.55,Air India,500,6:00:00,6:12:00
Ahmedabad,AMD,VAAH,Dholera,DHA,VODH,84.46,IndiGo,450,7:30:00,7:42:00
Ahmedabad,AMD,VAAH,Dholera,DHA,VODH,78.76,Vistara,520,9:00:00,9:12:00
Ahmedabad,AMD,VAAH,Dholera,DHA,VODH,80.48,Go Air,470,10:15:00,10:27:00
Ahmedabad,AMD,VAAH,Rajkot,RAJ,VARK,229.77,Air India,1300,6:15:00,6:47:00
Ahmedabad,AMD,VAAH,Rajkot,RAJ,VARK,248.12,IndiGo,1100,7:45:00,8:17:00
Ahmedabad,AMD,VAAH,Rajkot,RAJ,VARK,272.29,Vistara,1400,9:00:00,9:32:00
Ahmedabad,AMD,VAAH,Rajkot,RAJ,VARK,265.08,Go Air,1200,10:15:00,10:47:00
Ahmedabad,AMD,VAAH,Surat,STV,VASU,255.05,Air India,1550,6:30:00,7:09:00
Ahmedabad,AMD,VAAH,Surat,STV,VASU,310.79,IndiGo,1350,7:45:00,8:24:00
Ahmedabad,AMD,VAAH,Surat,STV,VASU,299.69,Vistara,1650,9:00:00,9:39:00
Ahmedabad,AMD,VAAH,Surat,STV,VASU,282.56,Go Air,1450,10:15:00,10:54:00
Ahmedabad,AMD,VAAH,Vadodara,BDQ,VABO,136.37,Air India,650,6:45:00,7:11:00
Ahmedabad,AMD,VAAH,Vadodara,BDQ,VABO,129.01,IndiGo,550,7:45:00,8:11:00
Ahmedabad,AMD,VAAH,Vadodara,BDQ,VABO,141.38,Vistara,700,9:00:00,9:26:00
Ahmedabad,AMD,VAAH,Vadodara,BDQ,VABO,134.56,Go Air,600,10:15:00,10:41:00
Ahmedabad,AMD,VAAH,Bhuj,BHJ,VABJ,404.52,Air India,2000,6:00:00,6:50:00
Ahmedabad,AMD,VAAH,Bhuj,BHJ,VABJ,426.03,IndiGo,1750,7:30:00,8:20:00
Ahmedabad,AMD,VAAH,Bhuj,BHJ,VABJ,329.95,Vistara,2100,9:00:00,9:50:00
Ahmedabad,AMD,VAAH,Bhuj,BHJ,VABJ,414.54,Go Air,1850,10:15:00,11:05:00
Ahmedabad,AMD,VAAH,Jamnagar,JGA,VAJM,393.53,Air India,1950,6:15:00,7:00:00
Ahmedabad,AMD,VAAH,Jamnagar,JGA,VAJM,393.91,IndiGo,1700,7:45:00,8:30:00
Ahmedabad,AMD,VAAH,Jamnagar,JGA,VAJM,410.57,Vistara,2050,9:00:00,9:45:00
Ahmedabad,AMD,VAAH,Jamnagar,JGA,VAJM,337.1,Go Air,1750,10:15:00,11:00:00
Shimla,SLV,VISM,Kangra,DHM,VIGR,83.58,Air India,550,6:00:00,6:14:00
Shimla,SLV,VISM,Kangra,DHM,VIGR,103.76,IndiGo,500,7:30:00,7:44:00
Shimla,SLV,VISM,Kangra,DHM,VIGR,101.88,Vistara,600,9:00:00,9:14:00
Shimla,SLV,VISM,Kangra,DHM,VIGR,88.01,Go Air,520,10:15:00,10:29:00
Shimla,SLV,VISM,Kullu-Manali,KUU,VIBK,117.81,Air India,750,6:15:00,6:33:00
Shimla,SLV,VISM,Kullu-Manali,KUU,VIBK,115.54,IndiGo,650,7:45:00,8:03:00
Shimla,SLV,VISM,Kullu-Manali,KUU,VIBK,152.07,Vistara,800,9:00:00,9:18:00
Shimla,SLV,VISM,Kullu-Manali,KUU,VIBK,114.53,Go Air,700,10:15:00,10:33:00
Ranchi,IXR,VERC,Bokaro,BOK,VERB,137.16,Air India,720,6:00:00,6:18:00
Ranchi,IXR,VERC,Bokaro,BOK,VERB,126.07,IndiGo,650,7:30:00,7:48:00
Ranchi,IXR,VERC,Bokaro,BOK,VERB,118.96,Vistara,770,9:00:00,9:18:00
Ranchi,IXR,VERC,Bokaro,BOK,VERB,147.71,Go Air,680,10:15:00,10:33:00
Ranchi,IXR,VERC,Jamshedpur,IXW,VEJS,165.18,Air India,780,6:15:00,6:34:00
Ranchi,IXR,VERC,Jamshedpur,IXW,VEJS,149.58,IndiGo,700,7:45:00,8:04:00
Ranchi,IXR,VERC,Jamshedpur,IXW,VEJS,158.62,Vistara,820,9:00:00,9:19:00
Ranchi,IXR,VERC,Jamshedpur,IXW,VEJS,137.99,Go Air,730,10:15:00,10:34:00
Ranchi,IXR,VERC,Dhanbad,DBD,VEDB,126.95,Air India,600,6:30:00,6:45:00
Ranchi,IXR,VERC,Dhanbad,DBD,VEDB,116.59,IndiGo,550,7:45:00,8:00:00
Ranchi,IXR,VERC,Dhanbad,DBD,VEDB,123.67,Vistara,650,9:00:00,9:15:00
Ranchi,IXR,VERC,Dhanbad,DBD,VEDB,107.28,Go Air,580,10:15:00,10:30:00
Bengaluru,BLR,VOBL,Mangaluru,IXE,VOML,432.35,Air India,2100,6:00:00,6:52:00
Bengaluru,BLR,VOBL,Mangaluru,IXE,VOML,344.85,IndiGo,1900,7:30:00,8:22:00
Bengaluru,BLR,VOBL,Mangaluru,IXE,VOML,327.03,Vistara,2250,9:00:00,9:52:00
Bengaluru,BLR,VOBL,Mangaluru,IXE,VOML,358.36,Go Air,2000,10:15:00,11:07:00
Bengaluru,BLR,VOBL,Mysuru,MYQ,VOMY,184.62,Air India,870,6:15:00,6:37:00
Bengaluru,BLR,VOBL,Mysuru,MYQ,VOMY,173.99,IndiGo,750,7:45:00,8:07:00
Bengaluru,BLR,VOBL,Mysuru,MYQ,VOMY,137.89,Vistara,920,9:00:00,9:22:00
Bengaluru,BLR,VOBL,Mysuru,MYQ,VOMY,137.02,Go Air,800,10:15:00,10:37:00
Bengaluru,BLR,VOBL,Belagavi,IXG,VOBG,646.64,Air India,3000,6:30:00,7:52:00
Bengaluru,BLR,VOBL,Belagavi,IXG,VOBG,460.15,IndiGo,2700,7:45:00,9:07:00
Bengaluru,BLR,VOBL,Belagavi,IXG,VOBG,507.52,Vistara,3200,9:00:00,10:22:00
Bengaluru,BLR,VOBL,Belagavi,IXG,VOBG,610.68,Go Air,2800,10:15:00,11:37:00
Bengaluru,BLR,VOBL,Hubli,HBX,VOHB,495.47,Air India,2400,6:00:00,7:00:00
Bengaluru,BLR,VOBL,Hubli,HBX,VOHB,494.21,IndiGo,2100,7:30:00,8:30:00
Bengaluru,BLR,VOBL,Hubli,HBX,VOHB,362.28,Vistara,2650,9:00:00,10:00:00
Bengaluru,BLR,VOBL,Hubli,HBX,VOHB,515.26,Go Air,2200,10:15:00,11:15:00
Bengaluru,BLR,VOBL,Ballari,BEP,VOBR,381.59,Air India,1920,6:15:00,6:59:00
Bengaluru,BLR,VOBL,Ballari,BEP,VOBR,378.05,IndiGo,1700,7:45:00,8:29:00
Bengaluru,BLR,VOBL,Ballari,BEP,VOBR,387.96,Vistara,2050,9:00:00,9:44:00
Bengaluru,BLR,VOBL,Ballari,BEP,VOBR,314.67,Go Air,1750,10:15:00,10:59:00
Thiruvananthapuram,TRV,VOTV,Kozhikode,CCJ,VOCL,360.45,Air India,1680,6:00:00,6:42:00
Thiruvananthapuram,TRV,VOTV,Kozhikode,CCJ,VOCL,343.49,IndiGo,1500,7:30:00,8:12:00
Thiruvananthapuram,TRV,VOTV,Kozhikode,CCJ,VOCL,277.58,Vistara,1800,9:00:00,9:42:00
Thiruvananthapuram,TRV,VOTV,Kozhikode,CCJ,VOCL,268.22,Go Air,1550,10:15:00,10:57:00
Thiruvananthapuram,TRV,VOTV,Kochi,COK,VOCL,203.18,Air India,1230,6:15:00,6:46:00
Thiruvananthapuram,TRV,VOTV,Kochi,COK,VOCL,210.38,IndiGo,1100,7:45:00,8:16:00
Thiruvananthapuram,TRV,VOTV,Kochi,COK,VOCL,252.81,Vistara,1320,9:00:00,9:31:00
Thiruvananthapuram,TRV,VOTV,Kochi,COK,VOCL,235.68,Go Air,1150,10:15:00,10:46:00
Thiruvananthapuram,TRV,VOTV,Kasaragod,KGQ,VOKG,400.1,Air India,2130,6:30:00,7:21:00
Thiruvananthapuram,TRV,VOTV,Kasaragod,KGQ,VOKG,390.01,IndiGo,1900,7:45:00,8:36:00
Thiruvananthapuram,TRV,VOTV,Kasaragod,KGQ,VOKG,401.32,Vistara,2250,9:00:00,9:51:00
Thiruvananthapuram,TRV,VOTV,Kasaragod,KGQ,VOKG,445.89,Go Air,1950,10:15:00,11:06:00
Thiruvananthapuram,TRV,VOTV,Kannur,CNN,VOKN,273.52,Air India,1650,6:00:00,6:41:00
Thiruvananthapuram,TRV,VOTV,Kannur,CNN,VOKN,344.57,IndiGo,1470,7:30:00,8:11:00
Thiruvananthapuram,TRV,VOTV,Kannur,CNN,VOKN,278.29,Vistara,1780,9:00:00,9:41:00
Thiruvananthapuram,TRV,VOTV,Kannur,CNN,VOKN,256.7,Go Air,1520,10:15:00,10:56:00
Bhopal,BHO,VABP,Gwalior,GWL,VIGR,312.17,Air India,1920,6:00:00,6:48:00
Bhopal,BHO,VABP,Gwalior,GWL,VIGR,295.75,IndiGo,1700,7:30:00,8:18:00
Bhopal,BHO,VABP,Gwalior,GWL,VIGR,411.78,Vistara,2050,9:00:00,9:48:00
Bhopal,BHO,VABP,Gwalior,GWL,VIGR,360.4,Go Air,1750,10:15:00,11:03:00
Bhopal,BHO,VABP,Indore,IDR,VAID,199.51,Air India,1140,6:15:00,6:43:00
Bhopal,BHO,VABP,Indore,IDR,VAID,205.76,IndiGo,1000,7:45:00,8:13:00
Bhopal,BHO,VABP,Indore,IDR,VAID,232.33,Vistara,1250,9:00:00,9:28:00
Bhopal,BHO,VABP,Indore,IDR,VAID,205.67,Go Air,1050,10:15:00,10:43:00
Bhopal,BHO,VABP,Jabalpur,JLR,VAJB,327.48,Air India,1680,6:30:00,7:06:00
Bhopal,BHO,VABP,Jabalpur,JLR,VAJB,326.64,IndiGo,1500,7:45:00,8:21:00
Bhopal,BHO,VABP,Jabalpur,JLR,VAJB,324.36,Vistara,1800,9:00:00,9:36:00
Bhopal,BHO,VABP,Jabalpur,JLR,VAJB,267.15,Go Air,1550,10:15:00,10:51:00
Bhopal,BHO,VABP,Khajuraho,HJR,VEJR,348.17,Air India,1800,6:00:00,6:45:00
Bhopal,BHO,VABP,Khajuraho,HJR,VEJR,368.48,IndiGo,1650,7:30:00,8:15:00
Bhopal,BHO,VABP,Khajuraho,HJR,VEJR,308.09,Vistara,1950,9:00:00,9:45:00
Bhopal,BHO,VABP,Khajuraho,HJR,VEJR,276.51,Go Air,1700,10:15:00,11:00:00
Bhopal,BHO,VABP,Sagar,SGA,VESG,161.06,Air India,990,6:15:00,6:39:00
Bhopal,BHO,VABP,Sagar,SGA,VESG,183.15,IndiGo,850,7:45:00,8:09:00
Bhopal,BHO,VABP,Sagar,SGA,VESG,150.92,Vistara,1050,9:00:00,9:24:00
Bhopal,BHO,VABP,Sagar,SGA,VESG,152.96,Go Air,900,10:15:00,10:39:00
Bhopal,BHO,VABP,Khandwa,KNW,VAKW,259.01,Air India,1410,6:30:00,7:07:00
Bhopal,BHO,VABP,Khandwa,KNW,VAKW,299.81,IndiGo,1250,7:45:00,8:22:00
Bhopal,BHO,VABP,Khandwa,KNW,VAKW,243.69,Vistara,1500,9:00:00,9:37:00
Bhopal,BHO,VABP,Khandwa,KNW,VAKW,219.1,Go Air,1300,10:15:00,10:52:00
Mumbai,BOM,VABB,Pune,PNQ,VAPO,109.62,Air India,720,6:00:00,6:18:00
Mumbai,BOM,VABB,Pune,PNQ,VAPO,108.09,IndiGo,650,7:30:00,7:48:00
Mumbai,BOM,VABB,Pune,PNQ,VAPO,115.71,Vistara,770,9:00:00,9:18:00
Mumbai,BOM,VABB,Pune,PNQ,VAPO,139.74,Go Air,680,10:15:00,10:33:00
Mumbai,BOM,VABB,Nagpur,NAG,VANP,828.61,Air India,4200,6:15:00,8:00:00
Mumbai,BOM,VABB,Nagpur,NAG,VANP,880.22,IndiGo,3900,7:45:00,9:30:00
Mumbai,BOM,VABB,Nagpur,NAG,VANP,716.18,Vistara,4400,9:00:00,10:45:00
Mumbai,BOM,VABB,Nagpur,NAG,VANP,717.44,Go Air,4000,10:15:00,12:00:00
Mumbai,BOM,VABB,Nashik,ISK,VANR,145.83,Air India,900,6:30:00,6:52:00
Mumbai,BOM,VABB,Nashik,ISK,VANR,149.67,IndiGo,800,7:45:00,8:07:00
Mumbai,BOM,VABB,Nashik,ISK,VANR,184.62,Vistara,950,9:00:00,9:22:00
Mumbai,BOM,VABB,Nashik,ISK,VANR,158.64,Go Air,850,10:15:00,10:37:00
Mumbai,BOM,VABB,Aurangabad,IXU,VAAU,309.01,Air India,1980,6:00:00,6:49:00
Mumbai,BOM,VABB,Aurangabad,IXU,VAAU,320.48,IndiGo,1750,7:30:00,8:19:00
Mumbai,BOM,VABB,Aurangabad,IXU,VAAU,416.18,Vistara,2100,9:00:00,9:49:00
Mumbai,BOM,VABB,Aurangabad,IXU,VAAU,416.63,Go Air,1850,10:15:00,11:04:00
Mumbai,BOM,VABB,Jalgaon,JLG,VAJJ,452.82,Air India,2310,6:15:00,7:09:00
Mumbai,BOM,VABB,Jalgaon,JLG,VAJJ,458.89,IndiGo,2050,7:45:00,8:39:00
Mumbai,BOM,VABB,Jalgaon,JLG,VAJJ,479.06,Vistara,2460,9:00:00,9:54:00
Mumbai,BOM,VABB,Jalgaon,JLG,VAJJ,373.73,Go Air,2150,10:15:00,11:09:00
Mumbai,BOM,VABB,Kolhapur,KLH,VAKP,351.51,Air India,2010,6:30:00,7:20:00
Mumbai,BOM,VABB,Kolhapur,KLH,VAKP,408.36,IndiGo,1800,7:45:00,8:35:00
Mumbai,BOM,VABB,Kolhapur,KLH,VAKP,394.34,Vistara,2150,9:00:00,9:50:00
Mumbai,BOM,VABB,Kolhapur,KLH,VAKP,406.49,Go Air,1900,10:15:00,11:05:00
Mumbai,BOM,VABB,Shirdi,SAG,VASD,264.24,Air India,1380,6:00:00,6:34:00
Mumbai,BOM,VABB,Shirdi,SAG,VASD,262.24,IndiGo,1200,7:30:00,8:04:00
Mumbai,BOM,VABB,Shirdi,SAG,VASD,272.94,Vistara,1480,9:00:00,9:34:00
Mumbai,BOM,VABB,Shirdi,SAG,VASD,228.96,Go Air,1300,10:15:00,10:49:00
Mumbai,BOM,VABB,Sindhudurg,SDW,VOSR,551.53,Air India,2760,6:15:00,7:45:00
Mumbai,BOM,VABB,Sindhudurg,SDW,VOSR,565.36,IndiGo,2500,7:45:00,9:15:00
Mumbai,BOM,VABB,Sindhudurg,SDW,VOSR,483.86,Vistara,2950,9:00:00,10:30:00
Mumbai,BOM,VABB,Sindhudurg,SDW,VOSR,487.27,Go Air,2600,10:15:00,11:45:00
Mumbai,BOM,VABB,Amravati,AMT,VAAH,548.3,Air India,2880,6:30:00,7:42:00
Mumbai,BOM,VABB,Amravati,AMT,VAAH,523.08,IndiGo,2600,7:45:00,8:57:00
Mumbai,BOM,VABB,Amravati,AMT,VAAH,503.94,Vistara,3080,9:00:00,10:12:00
Mumbai,BOM,VABB,Amravati,AMT,VAAH,599.48,Go Air,2700,10:15:00,11:27:00
Mumbai,BOM,VABB,Chandrapur,CDP,VOCP,818.85,Air India,4500,6:00:00,7:52:00
Mumbai,BOM,VABB,Chandrapur,CDP,VOCP,691.27,IndiGo,4200,7:30:00,9:22:00
Mumbai,BOM,VABB,Chandrapur,CDP,VOCP,938.03,Vistara,4700,9:00:00,10:52:00
Mumbai,BOM,VABB,Chandrapur,CDP,VOCP,781.53,Go Air,4300,10:15:00,12:07:00
Mumbai,BOM,VABB,Latur,LTU,VOLT,533.79,Air India,2520,6:15:00,7:18:00
Mumbai,BOM,VABB,Latur,LTU,VOLT,423.78,IndiGo,2300,7:45:00,8:48:00
Mumbai,BOM,VABB,Latur,LTU,VOLT,407.54,Vistara,2760,9:00:00,10:03:00
Mumbai,BOM,VABB,Latur,LTU,VOLT,459.18,Go Air,2400,10:15:00,11:18:00
Mumbai,BOM,VABB,Gadchiroli,GDC,VOGC,665.59,Air India,3240,6:30:00,7:51:00
Mumbai,BOM,VABB,Gadchiroli,GDC,VOGC,506.45,IndiGo,3000,7:45:00,9:06:00
Mumbai,BOM,VABB,Gadchiroli,GDC,VOGC,681.35,Vistara,3500,9:00:00,10:21:00
Mumbai,BOM,VABB,Gadchiroli,GDC,VOGC,612.02,Go Air,3100,10:15:00,11:36:00
Bhubaneswar,BBI,VOBL,Jharsuguda,JRG,VEJR,340.06,Air India,1680,6:00:00,6:42:00
Bhubaneswar,BBI,VOBL,Jharsuguda,JRG,VEJR,296.36,IndiGo,1500,7:30:00,8:12:00
Bhubaneswar,BBI,VOBL,Jharsuguda,JRG,VEJR,262.96,Vistara,1800,9:00:00,9:42:00
Bhubaneswar,BBI,VOBL,Jharsuguda,JRG,VEJR,281.61,Go Air,1550,10:15:00,10:57:00
Bhubaneswar,BBI,VOBL,Rourkela,RRK,VERK,295.6,Air India,1860,6:15:00,7:01:00
Bhubaneswar,BBI,VOBL,Rourkela,RRK,VERK,394.74,IndiGo,1650,7:45:00,8:31:00
Bhubaneswar,BBI,VOBL,Rourkela,RRK,VERK,354.93,Vistara,2000,9:00:00,9:46:00
Bhubaneswar,BBI,VOBL,Rourkela,RRK,VERK,310.84,Go Air,1700,10:15:00,11:01:00
Bhubaneswar,BBI,VOBL,Berhampur,BHP,VEBM,235.97,Air India,1140,6:30:00,6:57:00
Bhubaneswar,BBI,VOBL,Berhampur,BHP,VEBM,194.12,IndiGo,1000,7:45:00,8:12:00
Bhubaneswar,BBI,VOBL,Berhampur,BHP,VEBM,193.38,Vistara,1250,9:00:00,9:27:00
Bhubaneswar,BBI,VOBL,Berhampur,BHP,VEBM,215.55,Go Air,1050,10:15:00,10:42:00
Bhubaneswar,BBI,VOBL,Sambalpur,SBP,VOSB,297.08,Air India,1860,6:00:00,6:46:00
Bhubaneswar,BBI,VOBL,Sambalpur,SBP,VOSB,325.03,IndiGo,1650,7:30:00,8:16:00
Bhubaneswar,BBI,VOBL,Sambalpur,SBP,VOSB,280.32,Vistara,2000,9:00:00,9:46:00
Bhubaneswar,BBI,VOBL,Sambalpur,SBP,VOSB,360.28,Go Air,1700,10:15:00,11:01:00
Bhubaneswar,BBI,VOBL,Balangir,BLR,VEBL,295.49,Air India,1860,6:00:00,6:46:00
Bhubaneswar,BBI,VOBL,Balangir,BLR,VEBL,397.51,IndiGo,1650,7:30:00,8:16:00
Bhubaneswar,BBI,VOBL,Balangir,BLR,VEBL,283.13,Vistara,2000,9:00:00,9:46:00
Bhubaneswar,BBI,VOBL,Balangir,BLR,VEBL,326.24,Go Air,1700,10:15:00,11:01:00
Bhubaneswar,BBI,VOBL,Jeypore,PYB,VEJP,561.61,Air India,3120,6:00:00,7:18:00
Bhubaneswar,BBI,VOBL,Jeypore,PYB,VEJP,569.55,IndiGo,2880,7:30:00,8:48:00
Bhubaneswar,BBI,VOBL,Jeypore,PYB,VEJP,542.27,Vistara,3360,9:00:00,10:18:00
Bhubaneswar,BBI,VOBL,Jeypore,PYB,VEJP,474.71,Go Air,3000,10:15:00,11:33:00
Bhubaneswar,BBI,VOBL,Keonjhar,KNR,VEKN,296.03,Air India,1620,6:00:00,6:40:00
Bhubaneswar,BBI,VOBL,Keonjhar,KNR,VEKN,271.34,IndiGo,1450,7:30:00,8:10:00
Bhubaneswar,BBI,VOBL,Keonjhar,KNR,VEKN,341.73,Vistara,1800,9:00:00,9:40:00
Bhubaneswar,BBI,VOBL,Keonjhar,KNR,VEKN,347.23,Go Air,1550,10:15:00,10:55:00
Bhubaneswar,BBI,VOBL,Bhawanipatna,BWN,VEBN,377.14,Air India,2400,6:00:00,7:00:00
Bhubaneswar,BBI,VOBL,Bhawanipatna,BWN,VEBN,455.1,IndiGo,2200,7:30:00,8:30:00
Bhubaneswar,BBI,VOBL,Bhawanipatna,BWN,VEBN,460.9,Vistara,2600,9:00:00,10:00:00
Bhubaneswar,BBI,VOBL,Bhawanipatna,BWN,VEBN,382.61,Go Air,2300,10:15:00,11:15:00
Bhubaneswar,BBI,VOBL,Bargarh,BRG,VOBG,328.1,Air India,2100,6:00:00,6:52:00
Bhubaneswar,BBI,VOBL,Bargarh,BRG,VOBG,403.39,IndiGo,1900,7:30:00,8:22:00
Bhubaneswar,BBI,VOBL,Bargarh,BRG,VOBG,355.11,Vistara,2300,9:00:00,9:52:00
Bhubaneswar,BBI,VOBL,Bargarh,BRG,VOBG,337.13,Go Air,2000,10:15:00,11:07:00
Chandigarh,IXC,VICG,Amritsar,ATQ,VIAR,243.85,Air India,1320,6:00:00,6:33:00
Chandigarh,IXC,VICG,Amritsar,ATQ,VIAR,214.35,IndiGo,1200,7:30:00,8:03:00
Chandigarh,IXC,VICG,Amritsar,ATQ,VIAR,244.12,Vistara,1400,9:00:00,9:33:00
Chandigarh,IXC,VICG,Amritsar,ATQ,VIAR,266.15,Go Air,1250,10:15:00,10:48:00
Chandigarh,IXC,VICG,Ludhiana,LUH,VILD,108.23,Air India,600,6:15:00,6:30:00
Chandigarh,IXC,VICG,Ludhiana,LUH,VILD,120.84,IndiGo,520,7:45:00,8:00:00
Chandigarh,IXC,VICG,Ludhiana,LUH,VILD,120.13,Vistara,650,9:00:00,9:15:00
Chandigarh,IXC,VICG,Ludhiana,LUH,VILD,121.6,Go Air,550,10:15:00,10:30:00
Chandigarh,IXC,VICG,Patiala,PGH,VIPA,62.31,Air India,360,6:30:00,6:39:00
Chandigarh,IXC,VICG,Patiala,PGH,VIPA,58.57,IndiGo,320,7:45:00,7:54:00
Chandigarh,IXC,VICG,Patiala,PGH,VIPA,74.1,Vistara,380,9:00:00,9:09:00
Chandigarh,IXC,VICG,Patiala,PGH,VIPA,73.73,Go Air,340,10:15:00,10:24:00
Chandigarh,IXC,VICG,Bathinda,BUP,VIBT,237.19,Air India,1260,6:00:00,6:32:00
Chandigarh,IXC,VICG,Bathinda,BUP,VIBT,254.8,IndiGo,1100,7:30:00,8:02:00
Chandigarh,IXC,VICG,Bathinda,BUP,VIBT,201.8,Vistara,1320,9:00:00,9:32:00
Chandigarh,IXC,VICG,Bathinda,BUP,VIBT,191.95,Go Air,1150,10:15:00,10:47:00
Chandigarh,IXC,VICG,Pathankot,IXP,VIPK,147.06,Air India,900,6:15:00,6:37:00
Chandigarh,IXC,VICG,Pathankot,IXP,VIPK,161.5,IndiGo,800,7:45:00,8:07:00
Chandigarh,IXC,VICG,Pathankot,IXP,VIPK,174.75,Vistara,950,9:00:00,9:22:00
Chandigarh,IXC,VICG,Pathankot,IXP,VIPK,148.57,Go Air,850,10:15:00,10:37:00
Jaipur,JAI,VIJP,Ajmer,KQH,VIKA,116.2,Air India,720,6:15:00,6:33:00
Jaipur,JAI,VIJP,Ajmer,KQH,VIKA,140.93,IndiGo,650,7:45:00,8:03:00
Jaipur,JAI,VIJP,Ajmer,KQH,VIKA,131.62,Vistara,770,9:00:00,9:18:00
Jaipur,JAI,VIJP,Ajmer,KQH,VIKA,152.64,Go Air,680,10:15:00,10:33:00
Jaipur,JAI,VIJP,Banasthali,BHL,VIBH,69.88,Air India,420,6:30:00,6:41:00
Jaipur,JAI,VIJP,Banasthali,BHL,VIBH,69.4,IndiGo,380,7:45:00,7:56:00
Jaipur,JAI,VIJP,Banasthali,BHL,VIBH,68.66,Vistara,450,9:00:00,9:11:00
Jaipur,JAI,VIJP,Banasthali,BHL,VIBH,84.78,Go Air,400,10:15:00,10:26:00
Jaipur,JAI,VIJP,Bikaner,BIK,VIBK,307.67,Air India,1980,6:00:00,6:49:00
Jaipur,JAI,VIJP,Bikaner,BIK,VIBK,375.42,IndiGo,1750,7:30:00,8:19:00
Jaipur,JAI,VIJP,Bikaner,BIK,VIBK,365.91,Vistara,2100,9:00:00,9:49:00
Jaipur,JAI,VIJP,Bikaner,BIK,VIBK,314.77,Go Air,1850,10:15:00,11:04:00
Jaipur,JAI,VIJP,Jaisalmer,JSA,VIJR,709.03,Air India,3360,6:00:00,7:24:00
Jaipur,JAI,VIJP,Jaisalmer,JSA,VIJR,518.57,IndiGo,3100,7:30:00,8:54:00
Jaipur,JAI,VIJP,Jaisalmer,JSA,VIJR,708.67,Vistara,3500,9:00:00,10:24:00
Jaipur,JAI,VIJP,Jaisalmer,JSA,VIJR,652.82,Go Air,3200,10:15:00,11:39:00
Jaipur,JAI,VIJP,Jodhpur,JDH,VIJO,372.29,Air India,1980,6:15:00,7:01:00
Jaipur,JAI,VIJP,Jodhpur,JDH,VIJO,316.28,IndiGo,1750,7:45:00,8:31:00
Jaipur,JAI,VIJP,Jodhpur,JDH,VIJO,378.35,Vistara,2100,9:00:00,9:46:00
Jaipur,JAI,VIJP,Jodhpur,JDH,VIJO,354.33,Go Air,1850,10:15:00,11:01:00
Jaipur,JAI,VIJP,Kota,KTU,VIKO,305.33,Air India,1440,6:30:00,7:06:00
Jaipur,JAI,VIJP,Kota,KTU,VIKO,240.62,IndiGo,1300,7:45:00,8:21:00
Jaipur,JAI,VIJP,Kota,KTU,VIKO,220.98,Vistara,1500,9:00:00,9:36:00
Jaipur,JAI,VIJP,Kota,KTU,VIKO,270.22,Go Air,1350,10:15:00,10:51:00
Jaipur,JAI,VIJP,Udaipur,UDR,VAUD,453.91,Air India,2340,6:00:00,6:59:00
Jaipur,JAI,VIJP,Udaipur,UDR,VAUD,476.96,IndiGo,2100,7:30:00,8:29:00
Jaipur,JAI,VIJP,Udaipur,UDR,VAUD,425.9,Vistara,2460,9:00:00,9:59:00
Jaipur,JAI,VIJP,Udaipur,UDR,VAUD,499.5,Go Air,2150,10:15:00,11:14:00
Chennai,MAA,VOMM,Coimbatore,CJB,VOCB,617.31,Air India,3000,6:00:00,7:15:00
Chennai,MAA,VOMM,Coimbatore,CJB,VOCB,484.03,IndiGo,2800,7:30:00,8:45:00
Chennai,MAA,VOMM,Coimbatore,CJB,VOCB,593.9,Vistara,3200,9:00:00,10:15:00
Chennai,MAA,VOMM,Coimbatore,CJB,VOCB,647.99,Go Air,2900,10:15:00,11:30:00
Chennai,MAA,VOMM,Madurai,IXM,VOMD,503.07,Air India,2580,6:15:00,7:08:00
Chennai,MAA,VOMM,Madurai,IXM,VOMD,416.71,IndiGo,2400,7:45:00,8:38:00
Chennai,MAA,VOMM,Madurai,IXM,VOMD,406.55,Vistara,2750,9:00:00,9:53:00
Chennai,MAA,VOMM,Madurai,IXM,VOMD,414.73,Go Air,2500,10:15:00,11:08:00
Chennai,MAA,VOMM,Vellore,VLR,VOVL,160.87,Air India,780,6:30:00,6:50:00
Chennai,MAA,VOMM,Vellore,VLR,VOVL,130.67,IndiGo,700,7:45:00,8:05:00
Chennai,MAA,VOMM,Vellore,VLR,VOVL,154.39,Vistara,820,9:00:00,9:20:00
Chennai,MAA,VOMM,Vellore,VLR,VOVL,149.21,Go Air,720,10:15:00,10:35:00
Chennai,MAA,VOMM,Tiruchirappalli,TRZ,VOTR,337.29,Air India,1920,6:00:00,6:48:00
Chennai,MAA,VOMM,Tiruchirappalli,TRZ,VOTR,358.84,IndiGo,1700,7:30:00,8:18:00
Chennai,MAA,VOMM,Tiruchirappalli,TRZ,VOTR,309.41,Vistara,2000,9:00:00,9:48:00
Chennai,MAA,VOMM,Tiruchirappalli,TRZ,VOTR,341.73,Go Air,1750,10:15:00,11:03:00
Chennai,MAA,VOMM,Thanjavur,TJV,VOTJ,394.46,Air India,1980,6:15:00,7:03:00
Chennai,MAA,VOMM,Thanjavur,TJV,VOTJ,349.24,IndiGo,1750,7:45:00,8:33:00
Chennai,MAA,VOMM,Thanjavur,TJV,VOTJ,414.9,Vistara,2100,9:00:00,9:48:00
Chennai,MAA,VOMM,Thanjavur,TJV,VOTJ,406.81,Go Air,1850,10:15:00,11:03:00
Chennai,MAA,VOMM,Hosur,HJR,VOHR,292.92,Air India,1620,6:00:00,6:40:00
Chennai,MAA,VOMM,Hosur,HJR,VOHR,276.98,IndiGo,1450,7:30:00,8:10:00
Chennai,MAA,VOMM,Hosur,HJR,VOHR,291.06,Vistara,1800,9:00:00,9:40:00
Chennai,MAA,VOMM,Hosur,HJR,VOHR,314.95,Go Air,1550,10:15:00,10:55:00
Hyderabad,HYD,VOHS,Warangal,WGC,VOWA,182.46,Air India,870,6:00:00,6:22:00
Hyderabad,HYD,VOHS,Warangal,WGC,VOWA,141.41,IndiGo,800,7:30:00,7:52:00
Hyderabad,HYD,VOHS,Warangal,WGC,VOWA,154.55,Vistara,900,9:00:00,9:22:00
Hyderabad,HYD,VOHS,Warangal,WGC,VOWA,135.35,Go Air,820,10:15:00,10:37:00
Lucknow,LKO,VILK,Agra,AGR,VIAG,265.88,Air India,1380,6:00:00,6:35:00
Lucknow,LKO,VILK,Agra,AGR,VIAG,266.85,IndiGo,1250,7:30:00,8:05:00
Lucknow,LKO,VILK,Agra,AGR,VIAG,294.65,Vistara,1450,9:00:00,9:35:00
Lucknow,LKO,VILK,Agra,AGR,VIAG,255.88,Go Air,1300,10:15:00,10:50:00
Lucknow,LKO,VILK,Varanasi,VNS,VEBN,348.7,Air India,1920,6:15:00,6:23:00
Lucknow,LKO,VILK,Varanasi,VNS,VEBN,315.58,IndiGo,1750,7:45:00,8:21:00
Lucknow,LKO,VILK,Varanasi,VNS,VEBN,297.93,Vistara,2050,9:00:00,9:48:00
Lucknow,LKO,VILK,Varanasi,VNS,VEBN,359.35,Go Air,1850,10:15:00,11:03:00
Lucknow,LKO,VILK,Kanpur,KNU,VIKA,87.5,Air India,420,6:30:00,6:41:00
Lucknow,LKO,VILK,Kanpur,KNU,VIKA,76.32,IndiGo,380,7:45:00,7:56:00
Lucknow,LKO,VILK,Kanpur,KNU,VIKA,76.91,Vistara,450,9:00:00,9:11:00
Lucknow,LKO,VILK,Kanpur,KNU,VIKA,71.29,Go Air,400,10:15:00,10:26:00
Lucknow,LKO,VILK,Gorakhpur,GOP,VIGR,507.05,Air India,2700,6:00:00,7:07:00
Lucknow,LKO,VILK,Gorakhpur,GOP,VIGR,421.32,IndiGo,2500,7:30:00,8:37:00
Lucknow,LKO,VILK,Gorakhpur,GOP,VIGR,505.12,Vistara,2850,9:00:00,10:07:00
Lucknow,LKO,VILK,Gorakhpur,GOP,VIGR,475.76,Go Air,2550,10:15:00,11:22:00
Lucknow,LKO,VILK,Prayagraj,IXD,VEAB,259.35,Air India,1200,6:15:00,6:45:00
Lucknow,LKO,VILK,Prayagraj,IXD,VEAB,200.33,IndiGo,1050,7:45:00,8:15:00
Lucknow,LKO,VILK,Prayagraj,IXD,VEAB,231.87,Vistara,1300,9:00:00,9:30:00
Lucknow,LKO,VILK,Prayagraj,IXD,VEAB,188.12,Go Air,1100,10:15:00,10:45:00
Lucknow,LKO,VILK,Aligarh,HRH,VIAH,141.02,Air India,780,6:30:00,6:50:00
Lucknow,LKO,VILK,Aligarh,HRH,VIAH,155.18,IndiGo,700,7:45:00,8:05:00
Lucknow,LKO,VILK,Aligarh,HRH,VIAH,131.87,Vistara,820,9:00:00,9:20:00
Lucknow,LKO,VILK,Aligarh,HRH,VIAH,151.64,Go Air,720,10:15:00,10:35:00
Lucknow,LKO,VILK,Agra,AGR,VIAG,226.62,Air India,1380,6:00:00,6:35:00
Lucknow,LKO,VILK,Agra,AGR,VIAG,240.83,IndiGo,1250,7:30:00,8:05:00
Lucknow,LKO,VILK,Agra,AGR,VIAG,219.65,Vistara,1450,9:00:00,9:35:00
Lucknow,LKO,VILK,Agra,AGR,VIAG,242.21,Go Air,1300,10:15:00,10:50:00
Lucknow,LKO,VILK,Varanasi,VNS,VEBN,339.91,Air India,1920,6:15:00,0.29375
Lucknow,LKO,VILK,Varanasi,VNS,VEBN,361.69,IndiGo,1750,7:45:00,8:21:00
Lucknow,LKO,VILK,Varanasi,VNS,VEBN,395.95,Vistara,2050,9:00:00,9:48:00
Lucknow,LKO,VILK,Varanasi,VNS,VEBN,354.73,Go Air,1850,10:15:00,11:03:00
Lucknow,LKO,VILK,Kanpur,KNU,VIKA,66.2,Air India,420,6:30:00,6:41:00
Lucknow,LKO,VILK,Kanpur,KNU,VIKA,80.14,IndiGo,380,7:45:00,7:56:00
Lucknow,LKO,VILK,Kanpur,KNU,VIKA,73.16,Vistara,450,9:00:00,9:11:00
Lucknow,LKO,VILK,Kanpur,KNU,VIKA,71.44,Go Air,400,10:15:00,10:26:00
Lucknow,LKO,VILK,Gorakhpur,GOP,VIGR,410.53,Air India,2700,6:00:00,7:07:00
Lucknow,LKO,VILK,Gorakhpur,GOP,VIGR,520.35,IndiGo,2500,7:30:00,8:37:00
Lucknow,LKO,VILK,Gorakhpur,GOP,VIGR,493.46,Vistara,2850,9:00:00,10:07:00
Lucknow,LKO,VILK,Gorakhpur,GOP,VIGR,501.43,Go Air,2550,10:15:00,11:22:00
Lucknow,LKO,VILK,Prayagraj,IXD,VEAB,203.22,Air India,1200,6:15:00,6:45:00
Lucknow,LKO,VILK,Prayagraj,IXD,VEAB,256.88,IndiGo,1050,7:45:00,8:15:00
Lucknow,LKO,VILK,Prayagraj,IXD,VEAB,201,Vistara,1300,9:00:00,9:30:00
Lucknow,LKO,VILK,Prayagraj,IXD,VEAB,183.42,Go Air,1100,10:15:00,10:45:00
Lucknow,LKO,VILK,Aligarh,HRH,VIAH,139.52,Air India,780,6:30:00,6:50:00
Lucknow,LKO,VILK,Aligarh,HRH,VIAH,146.67,IndiGo,700,7:45:00,8:05:00
Lucknow,LKO,VILK,Aligarh,HRH,VIAH,138.8,Vistara,820,9:00:00,9:20:00
Lucknow,LKO,VILK,Aligarh,HRH,VIAH,132.29,Go Air,720,10:15:00,10:35:00
Lucknow,LKO,VILK,Bareilly,BEK,VIBY,291.57,Air India,1500,6:00:00,6:37:00
Lucknow,LKO,VILK,Bareilly,BEK,VIBY,273.32,IndiGo,1380,7:30:00,8:07:00
Lucknow,LKO,VILK,Bareilly,BEK,VIBY,233.56,Vistara,1620,9:00:00,9:37:00
Lucknow,LKO,VILK,Bareilly,BEK,VIBY,244.4,Go Air,1450,10:15:00,10:52:00
Lucknow,LKO,VILK,Chitrakoot,CWK,VECT,298.55,Air India,1800,6:15:00,6:51:00
Lucknow,LKO,VILK,Chitrakoot,CWK,VECT,349.88,IndiGo,1650,7:45:00,8:30:00
Lucknow,LKO,VILK,Chitrakoot,CWK,VECT,323.82,Vistara,1950,9:00:00,9:45:00
Lucknow,LKO,VILK,Chitrakoot,CWK,VECT,293.85,Go Air,1700,10:15:00,11:00:00
Lucknow,LKO,VILK,Shravasti,VSV,VISV,341.11,Air India,2100,6:00:00,6:52:00
Lucknow,LKO,VILK,Shravasti,VSV,VISV,434.79,IndiGo,1950,7:30:00,8:22:00
Lucknow,LKO,VILK,Shravasti,VSV,VISV,352.18,Vistara,2250,9:00:00,9:52:00
Lucknow,LKO,VILK,Shravasti,VSV,VISV,330.67,Go Air,2050,10:15:00,11:07:00
Lucknow,LKO,VILK,Ayodhya,AYJ,VEAY,141.18,Air India,780,6:15:00,6:35:00
Lucknow,LKO,VILK,Ayodhya,AYJ,VEAY,122.78,IndiGo,700,7:45:00,8:05:00
Lucknow,LKO,VILK,Ayodhya,AYJ,VEAY,166.56,Vistara,820,9:00:00,9:20:00
Lucknow,LKO,VILK,Ayodhya,AYJ,VEAY,140.29,Go Air,720,10:15:00,10:35:00
Dehradun,DED,VIDN,Pantnagar,PNR,VIPG,176.9,Air India,900,6:00:00,6:23:00
Dehradun,DED,VIDN,Pantnagar,PNR,VIPG,139.19,IndiGo,850,7:30:00,7:53:00
Dehradun,DED,VIDN,Pantnagar,PNR,VIPG,169.13,Vistara,950,9:00:00,9:23:00
Dehradun,DED,VIDN,Pantnagar,PNR,VIPG,164.66,Go Air,880,10:15:00,10:38:00
Dehradun,DED,VIDN,Pithoragarh,PHF,VIPH,204.25,Air India,1320,6:15:00,6:48:00
Dehradun,DED,VIDN,Pithoragarh,PHF,VIPH,266.26,IndiGo,1200,7:45:00,8:18:00
Dehradun,DED,VIDN,Pithoragarh,PHF,VIPH,242.87,Vistara,1400,9:00:00,9:33:00
Dehradun,DED,VIDN,Pithoragarh,PHF,VIPH,264.62,Go Air,1250,10:15:00,10:48:00
Kolkata,CCU,VECC,Asansol,ASN,VEBN,204.1,Air India,1200,6:00:00,6:30:00
Kolkata,CCU,VECC,Asansol,ASN,VEBN,205.76,IndiGo,1050,7:30:00,8:00:00
Kolkata,CCU,VECC,Asansol,ASN,VEBN,249.47,Vistara,1250,9:00:00,9:30:00
Kolkata,CCU,VECC,Asansol,ASN,VEBN,240.86,Go Air,1100,10:15:00,10:45:00
Kolkata,CCU,VECC,Durgapur,RDP,VEDG,197.95,Air India,1080,6:15:00,6:42:00
Kolkata,CCU,VECC,Durgapur,RDP,VEDG,196.53,IndiGo,1000,7:45:00,8:12:00
Kolkata,CCU,VECC,Durgapur,RDP,VEDG,219.37,Vistara,1120,9:00:00,9:27:00
Kolkata,CCU,VECC,Durgapur,RDP,VEDG,178.87,Go Air,1050,10:15:00,10:42:00
Kolkata,CCU,VECC,Malda,LDA,VEML,414.47,Air India,2040,6:30:00,7:12:00
Kolkata,CCU,VECC,Malda,LDA,VEML,420.07,IndiGo,1900,7:45:00,8:27:00
Kolkata,CCU,VECC,Malda,LDA,VEML,407.77,Vistara,2100,9:00:00,9:42:00
Kolkata,CCU,VECC,Malda,LDA,VEML,402.02,Go Air,1950,10:15:00,10:57:00
Kolkata,CCU,VECC,Siliguri,IXB,VEBD,550.24,Air India,3360,6:00:00,7:24:00
Kolkata,CCU,VECC,Siliguri,IXB,VEBD,670.94,IndiGo,3100,7:30:00,8:54:00
Kolkata,CCU,VECC,Siliguri,IXB,VEBD,535.9,Vistara,3500,9:00:00,10:24:00
Kolkata,CCU,VECC,Siliguri,IXB,VEBD,723.33,Go Air,3250,10:15:00,11:39:00
